refSequence	refPosition	Homo_sapiens	Nomascus_leucogenys
KV575244.1	454421	c	
chr5	179688729	c	
KV575244.1	454422	a	
chr5	179688730	a	
chr5	179688731	g	
KV575244.1	454423	g	
chr5	179688732	c	
KV575244.1	454424	c	
KV575244.1	454425	a	
chr5	179688733	a	
chr5	179688734	c	
KV575244.1	454426	c	
KV575244.1	454427	t	
chr5	179688735	t	
chr5	179688736	t	
KV575244.1	454428	t	
KV575244.1	454429	t	
chr5	179688737	t	
KV575244.1	454430	g	
chr5	179688738	g	
chr5	179688739	g	
KV575244.1	454431	g	
KV575244.1	454432	g	
chr5	179688740	g	
KV575244.1	454433	a	
chr5	179688741	a	
KV575244.1	454434	g	
chr5	179688742	g	
chr5	179688743	g	
KV575244.1	454435	g	
chr5	179688744	c	
KV575244.1	454436	c	
KV575244.1	454437	t	
chr5	179688745	t	
chr5	179688746	g	
KV575244.1	454438	g	
chr5	179688747	a	
KV575244.1	454439	a	
chr5	179688748	g	
KV575244.1	454440	g	
chr5	179688749	g	
KV575244.1	454441	g	
chr5	179688750	c	
KV575244.1	454442	c	
chr5	179688751	a	
KV575244.1	454443	a	
chr5	179688752	g	
KV575244.1	454444	g	
KV575244.1	454445	g	
chr5	179688753	g	
KV575244.1	454446	t	
chr5	179688754	t	
KV575244.1	454447	g	
chr5	179688755	g	
KV575244.1	454448	g	
chr5	179688756	g	
chr5	179688757	a	
KV575244.1	454449	a	
chr5	179688758	t	
KV575244.1	454450	t	
KV575244.1	454451	c	
chr5	179688759	c	
