refSequence	refPosition	Homo_sapiens	Solenodon_paradoxus
chr5	100376838	a	
chr5	100063428	a	
chr7	65971546	a	
KV575243.1	143185	a	
chr5	21494023	a	
chr5_GL339449v2_alt	1135656	a	
chr6	26886509	a	
chr5	71205429	a	
chr5	70205039	a	
chr6	57927580	a	
KV575243.1	43358	a	
KV575243.1	63639	a	
KV575243.1	103407	a	
KV575243.1	122882	a	
KV575243.1	83120	a	
chr5	100063427	c	
chr5	70205038	c	
KV575243.1	83121	c	
KV575243.1	103408	c	
KV575243.1	122883	c	
KV575243.1	143186	c	
chr6	57927579	c	
chr5	71205428	c	
chr6	26886508	c	
KV575243.1	43359	c	
KV575243.1	63640	c	
chr5	21494024	c	
chr5_GL339449v2_alt	1135655	c	
chr5	100376837	c	
chr7	65971545	c	
KV575243.1	43360	c	
KV575243.1	63641	c	
KV575243.1	83122	c	
KV575243.1	143187	c	
chr5	21494025	c	
chr5	100376836	c	
chr5	71205427	c	
KV575243.1	103409	c	
KV575243.1	122884	c	
chr6	26886507	c	
chr5	70205037	c	
chr5_GL339449v2_alt	1135654	c	
chr6	57927578	c	
chr5	100063426	c	
chr7	65971544	c	
chr6	57927577	a	
chr5	21494026	a	
chr5_GL339449v2_alt	1135653	a	
KV575243.1	83123	a	
chr5	100376835	a	
KV575243.1	103410	a	
KV575243.1	122885	a	
KV575243.1	143188	a	
chr5	70205036	a	
chr5	71205426	a	
KV575243.1	43361	a	
KV575243.1	63642	a	
chr6	26886506	a	
chr5	100063425	a	
chr7	65971543	a	
chr6	57927576	t	
KV575243.1	143189	t	
chr5	21494027	t	
chr5_GL339449v2_alt	1135652	t	
chr5	100376834	c	
KV575243.1	83124	t	
KV575243.1	103411	t	
chr5	100063424	t	
chr5	70205035	t	
chr5	71205425	t	
KV575243.1	122886	t	
KV575243.1	43362	t	
KV575243.1	63643	t	
chr6	26886505	t	
chr7	65971542	t	
chr5	100063423	g	
chr7	65971541	g	
chr6	26886504	g	
chr6	57927575	g	
KV575243.1	43363	g	
KV575243.1	63644	g	
KV575243.1	83125	g	
KV575243.1	103412	g	
KV575243.1	122887	g	
KV575243.1	143190	g	
chr5	21494028	g	
chr5_GL339449v2_alt	1135651	g	
chr5	70205034	g	
chr5	71205424	g	
chr7	65971540	t	
chr6	26886503	t	
chr6	57927574	t	
KV575243.1	43364	t	
KV575243.1	63645	t	
KV575243.1	83126	t	
KV575243.1	103413	t	
KV575243.1	122888	t	
KV575243.1	143191	t	
chr5	21494029	t	
chr5	100063422	t	
chr5_GL339449v2_alt	1135650	t	
chr5	70205033	t	
chr5	71205423	t	
chr5	100063421	t	
chr7	65971539	t	
chr6	26886502	t	
chr6	57927573	t	
KV575243.1	43365	t	
KV575243.1	63646	t	
KV575243.1	83127	t	
KV575243.1	103414	t	
KV575243.1	122889	t	
KV575243.1	143192	t	
chr5	21494030	t	
chr5_GL339449v2_alt	1135649	t	
chr5	70205032	t	
chr5	71205422	t	
chr6	26886501	g	
chr6	57927572	g	
KV575243.1	43366	g	
KV575243.1	63647	g	
KV575243.1	83128	g	
KV575243.1	103415	g	
KV575243.1	122890	g	
KV575243.1	143193	g	
chr5	21494031	g	
chr5_GL339449v2_alt	1135648	g	
chr5	70205031	g	
chr5	100376833	g	
chr5	100063420	g	
chr7	65971538	g	
chr5	71205421	g	
chr5	100376832	g	
chr5	100063419	g	
chr6	26886500	g	
chr6	57927571	g	
KV575243.1	43367	g	
KV575243.1	63648	g	
KV575243.1	83129	g	
KV575243.1	103416	g	
KV575243.1	122891	g	
KV575243.1	143194	g	
chr5	21494032	g	
chr5_GL339449v2_alt	1135647	g	
chr5	70205030	g	
chr5	71205420	g	
chr7	65971537	a	
KV575243.1	83130	c	
KV575243.1	103417	c	
KV575243.1	122892	c	
KV575243.1	143195	c	
chr5	21494033	c	
chr5_GL339449v2_alt	1135646	c	
chr5	70205029	c	
chr5	71205419	c	
chr5	100376831	c	
chr5	100063418	c	
chr6	26886499	c	
chr7	65971536	c	
chr6	57927570	c	
KV575243.1	43368	c	
KV575243.1	63649	c	
KV575243.1	103418	c	
KV575243.1	122893	c	
KV575243.1	143196	c	
chr5	21494034	c	
chr5_GL339449v2_alt	1135645	c	
chr5	70205028	c	
chr5	100376830	c	
chr5	100063417	c	
chr6	26886498	c	
chr7	65971535	c	
chr5	71205418	c	
chr6	57927569	c	
KV575243.1	43369	c	
KV575243.1	63650	c	
KV575243.1	83131	c	
chr6	26886497	a	
chr5	70205027	a	
chr5	71205417	a	
chr5	100063416	a	
chr7	65971534	a	
chr5	100376829	a	
chr6	57927568	a	
KV575243.1	43370	a	
KV575243.1	63651	a	
KV575243.1	83132	a	
KV575243.1	103419	a	
KV575243.1	122894	a	
KV575243.1	143197	a	
chr5	21494035	a	
chr5_GL339449v2_alt	1135644	a	
KV575243.1	83133	g	
KV575243.1	103420	g	
KV575243.1	122895	g	
KV575243.1	143198	g	
chr5	21494036	g	
chr5_GL339449v2_alt	1135643	g	
chr5	70205026	g	
chr6	26886496	g	
chr5	100063415	g	
chr5	71205416	g	
chr7	65971533	g	
chr6	57927567	g	
KV575243.1	43371	g	
KV575243.1	63652	g	
chr5	100376828	g	
KV575243.1	122896	g	
KV575243.1	143199	g	
chr5	21494037	g	
chr5_GL339449v2_alt	1135642	g	
chr5	70205025	g	
chr5	71205415	g	
chr6	57927566	g	
KV575243.1	43372	g	
KV575243.1	63653	g	
KV575243.1	83134	g	
KV575243.1	103421	g	
chr6	26886495	g	
chr7	65971532	g	
chr5	100063414	g	
chr5	100376827	g	
chr6	26886494	c	
KV575243.1	43373	c	
KV575243.1	63654	c	
KV575243.1	83135	c	
KV575243.1	103422	c	
KV575243.1	122897	c	
KV575243.1	143200	c	
chr6	57927565	c	
chr5	100376826	c	
chr5	100063413	c	
chr5	21494038	c	
chr5_GL339449v2_alt	1135641	c	
chr5	70205024	c	
chr5	71205414	c	
chr7	65971531	c	
chr6	57927564	t	
KV575243.1	43374	t	
KV575243.1	63655	t	
KV575243.1	83136	t	
KV575243.1	103423	t	
KV575243.1	122898	t	
KV575243.1	143201	t	
chr5	21494039	t	
chr5_GL339449v2_alt	1135640	t	
chr5	70205023	t	
chr6	26886493	t	
chr5	100063412	t	
chr7	65971530	t	
chr5	71205413	t	
chr5	100376825	t	
chr6	57927563	g	
KV575243.1	63656	g	
chr7	65971529	g	
KV575243.1	43375	g	
KV575243.1	83137	g	
KV575243.1	103424	g	
KV575243.1	122899	g	
KV575243.1	143202	g	
chr5	21494040	g	
chr5_GL339449v2_alt	1135639	g	
chr5	70205022	g	
chr5	71205412	g	
chr6	26886492	g	
chr5	100063411	g	
chr5	100376824	g	
chr5	100063410	g	
chr6	57927562	g	
KV575243.1	43376	g	
KV575243.1	63657	g	
KV575243.1	83138	g	
chr6	26886491	g	
chr7	65971528	g	
chr5	100376823	g	
KV575243.1	103425	g	
KV575243.1	122900	g	
KV575243.1	143203	g	
chr5	21494041	g	
chr5_GL339449v2_alt	1135638	g	
chr5	70205021	g	
chr5	71205411	g	
chr6	57927561	t	
KV575243.1	43377	t	
chr7	65971527	t	
chr5_GL339449v2_alt	1135637	t	
chr5	70205020	t	
chr5	71205410	t	
chr5	100376822	t	
chr5	100063409	t	
KV575243.1	63658	t	
KV575243.1	83139	t	
KV575243.1	103426	t	
KV575243.1	122901	t	
KV575243.1	143204	t	
chr5	21494042	t	
chr6	26886490	t	
chr5	100376821	c	
chr5	100063408	c	
chr6	26886489	c	
chr6	57927560	c	
KV575243.1	43378	c	
KV575243.1	63659	c	
KV575243.1	83140	c	
KV575243.1	103427	c	
KV575243.1	122902	c	
KV575243.1	143205	c	
chr5	21494043	c	
chr5_GL339449v2_alt	1135636	c	
chr5	70205019	c	
chr5	71205409	c	
chr7	65971526	c	
chr5	100063407	t	
KV575243.1	83141	t	
KV575243.1	103428	t	
KV575243.1	122903	t	
KV575243.1	143206	t	
chr5	21494044	t	
chr5_GL339449v2_alt	1135635	t	
chr5	70205018	t	
chr5	71205408	t	
chr7	65971525	t	
chr6	26886488	t	
chr5	100376820	t	
chr6	57927559	t	
KV575243.1	43379	t	
KV575243.1	63660	t	
chr6	57927558	c	
KV575243.1	43380	c	
KV575243.1	63661	c	
KV575243.1	83142	c	
chr7	65971524	c	
chr6	26886487	c	
KV575243.1	103429	c	
KV575243.1	122904	c	
KV575243.1	143207	c	
chr5	21494045	c	
chr5_GL339449v2_alt	1135634	c	
chr5	100376819	c	
chr5	70205017	c	
chr5	71205407	c	
chr5	100063406	c	
chr7	65971523	a	
chr5_GL339449v2_alt	1135633	g	
chr5	70205016	g	
chr5	71205406	g	
chr5	100376818	g	
chr6	57927557	g	
KV575243.1	43381	g	
KV575243.1	63662	g	
chr6	26886486	g	
KV575243.1	83143	g	
KV575243.1	103430	g	
KV575243.1	122905	g	
KV575243.1	143208	g	
chr5	21494046	g	
chr5	100063405	g	
KV575243.1	103431	a	
KV575243.1	122906	a	
KV575243.1	143209	a	
chr5	21494047	a	
chr7	65971522	a	
chr5_GL339449v2_alt	1135632	a	
chr5	70205015	a	
chr5	71205405	a	
chr5	100376817	a	
chr6	26886485	a	
chr5	100063404	a	
chr6	57927556	a	
KV575243.1	43382	a	
KV575243.1	63663	a	
KV575243.1	83144	a	
chr5_GL339449v2_alt	1135631	a	
chr5	70205014	a	
chr5	71205404	a	
chr5	100063403	a	
chr6	57927555	a	
KV575243.1	43383	a	
KV575243.1	63664	a	
chr6	26886484	a	
chr5	100376816	a	
KV575243.1	83145	a	
KV575243.1	103432	a	
KV575243.1	122907	a	
KV575243.1	143210	a	
chr5	21494048	a	
chr7	65971521	a	
KV575243.1	63665	c	
KV575243.1	83146	c	
KV575243.1	103433	c	
KV575243.1	122908	c	
KV575243.1	143211	c	
chr5	21494049	c	
chr7	65971520	c	
chr5_GL339449v2_alt	1135630	c	
chr5	70205013	c	
chr5	71205403	c	
chr5	100063402	c	
chr5	100376815	c	
chr6	57927554	c	
KV575243.1	43384	c	
chr6	26886483	c	
chr5_GL339449v2_alt	1135629	t	
chr5	70205012	t	
KV575243.1	83147	t	
KV575243.1	103434	t	
KV575243.1	122909	t	
KV575243.1	143212	t	
chr5	21494050	t	
chr5	71205402	t	
chr5	100376814	t	
chr6	57927553	t	
KV575243.1	43385	t	
KV575243.1	63666	t	
chr5	100063401	t	
chr7	65971519	t	
chr6	26886482	t	
KV575243.1	143213	c	
chr5	21494051	c	
chr5_GL339449v2_alt	1135628	c	
chr5	100063400	c	
chr6	26886481	c	
chr5	70205011	c	
chr5	71205401	c	
chr5	100376813	c	
chr7	65971518	c	
KV575243.1	43386	c	
KV575243.1	63667	c	
KV575243.1	83148	c	
KV575243.1	103435	c	
KV575243.1	122910	c	
chr6	57927552	c	
chr6	26886480	t	
chr5	70205010	t	
chr5	71205400	t	
chr7	65971517	t	
KV575243.1	103436	t	
KV575243.1	122911	t	
KV575243.1	143214	t	
chr5	21494052	t	
chr5_GL339449v2_alt	1135627	t	
chr5	100376812	t	
chr5	100063399	t	
chr6	57927551	t	
KV575243.1	43387	t	
KV575243.1	63668	t	
KV575243.1	83149	t	
chr6	57927550	t	
KV575243.1	43388	t	
KV575243.1	63669	t	
KV575243.1	83150	t	
KV575243.1	103437	t	
KV575243.1	122912	t	
KV575243.1	143215	t	
chr5	21494053	t	
chr5	100063398	t	
chr5_GL339449v2_alt	1135626	t	
chr5	70205009	t	
chr5	71205399	t	
chr5	100376811	t	
chr7	65971516	t	
chr6	26886479	t	
chr5_GL339449v2_alt	1135625	g	
chr5	70205008	g	
chr5	71205398	g	
chr5	100376810	g	
chr6	26886478	g	
KV575243.1	83151	g	
KV575243.1	103438	g	
KV575243.1	122913	g	
KV575243.1	143216	g	
chr5	21494054	g	
chr7	65971515	g	
chr5	100063397	g	
chr6	57927549	g	
KV575243.1	43389	g	
KV575243.1	63670	g	
chr5	100376809	a	
KV575243.1	43390	a	
KV575243.1	63671	a	
KV575243.1	83152	a	
KV575243.1	103439	a	
chr5_GL339449v2_alt	1135624	a	
chr5	70205007	a	
chr5	71205397	a	
chr6	57927548	a	
chr6	26886477	a	
KV575243.1	122914	a	
KV575243.1	143217	a	
chr5	21494055	a	
chr5	100063396	a	
chr7	65971514	a	
chr5	100376808	c	
chr5_GL339449v2_alt	1135623	g	
chr5	70205006	g	
chr5	71205396	g	
chr5	100063395	c	
KV575243.1	43391	g	
KV575243.1	63672	g	
KV575243.1	83153	g	
KV575243.1	103440	g	
KV575243.1	122915	g	
KV575243.1	143218	g	
chr5	21494056	g	
chr7	65971513	c	
chr6	26886476	c	
chr6	57927547	c	
chr5	100063394	g	
KV575243.1	143219	c	
chr5	21494057	c	
chr5_GL339449v2_alt	1135622	c	
chr5	70205005	c	
chr5	71205395	c	
KV575243.1	43392	c	
KV575243.1	63673	c	
KV575243.1	83154	c	
KV575243.1	103441	c	
KV575243.1	122916	c	
chr5	100376807	g	
chr6	26886475	c	
chr7	65971512	c	
chr6	57927546	c	
chr5	100376806	t	
chr5	70205004	t	
chr5	71205394	t	
KV575243.1	43393	t	
KV575243.1	63674	t	
KV575243.1	83155	t	
KV575243.1	103442	t	
KV575243.1	122917	t	
chr5	100063393	t	
KV575243.1	143220	t	
chr5	21494058	t	
chr5_GL339449v2_alt	1135621	t	
chr6	26886474	t	
chr6	57927545	t	
chr7	65971511	t	
chr5	100063392	c	
chr6	57927544	c	
KV575243.1	43394	c	
KV575243.1	63675	c	
KV575243.1	83156	c	
chr7	65971510	c	
chr5	71205393	c	
chr5_GL339449v2_alt	1135620	c	
chr5	70205003	c	
chr6	26886473	c	
chr5	100376805	c	
KV575243.1	103443	c	
KV575243.1	122918	c	
KV575243.1	143221	c	
chr5	21494059	c	
chr5	100376804	g	
chr5	71205392	g	
chr7	65971509	a	
chr5_GL339449v2_alt	1135619	g	
chr5	70205002	g	
chr5	100063391	g	
chr6	57927543	g	
KV575243.1	103444	g	
KV575243.1	122919	g	
KV575243.1	143222	g	
chr5	21494060	g	
chr6	26886472	g	
KV575243.1	43395	g	
KV575243.1	63676	g	
KV575243.1	83157	g	
chr5	100376803	t	
KV575243.1	103445	t	
KV575243.1	122920	t	
KV575243.1	143223	t	
chr5	21494061	t	
chr6	26886471	t	
KV575243.1	43396	t	
KV575243.1	63677	t	
KV575243.1	83158	t	
chr7	65971508	t	
chr5_GL339449v2_alt	1135618	t	
chr5	70205001	t	
chr5	71205391	t	
chr6	57927542	t	
chr5	100063390	t	
chr7	65971507	g	
chr5	100376802	g	
chr6	26886470	g	
KV575243.1	143224	g	
chr5	21494062	g	
KV575243.1	83159	g	
KV575243.1	103446	g	
KV575243.1	122921	g	
chr6	57927541	g	
KV575243.1	43397	g	
KV575243.1	63678	g	
chr5	100063389	g	
chr5_GL339449v2_alt	1135617	g	
chr5	70205000	g	
chr5	71205390	g	
chr5	100376801	a	
chr6	57927540	a	
chr5	100063388	a	
chr5	21494063	a	
chr5_GL339449v2_alt	1135616	a	
chr5	70204999	a	
chr5	71205389	a	
chr7	65971506	a	
chr6	26886469	a	
KV575243.1	43398	a	
KV575243.1	63679	a	
KV575243.1	83160	a	
KV575243.1	103447	a	
KV575243.1	122922	a	
KV575243.1	143225	a	
chr7	65971505	t	
chr6	26886468	t	
chr5	100376800	t	
chr5_GL339449v2_alt	1135615	t	
chr5	70204998	t	
chr5	71205388	t	
chr5	100063387	t	
KV575243.1	83161	t	
KV575243.1	103448	t	
KV575243.1	122923	t	
KV575243.1	143226	t	
chr5	21494064	t	
chr6	57927539	t	
KV575243.1	43399	t	
KV575243.1	63680	t	
chr5	70204997	c	
chr5	71205387	c	
chr5	21494065	c	
chr5_GL339449v2_alt	1135614	c	
chr5	100063386	c	
chr7	65971504	c	
KV575243.1	63681	c	
KV575243.1	83162	c	
KV575243.1	103449	c	
KV575243.1	122924	c	
KV575243.1	143227	c	
chr5	100376799	c	
chr6	57927538	c	
KV575243.1	43400	c	
chr6	26886467	c	
chr5_GL339449v2_alt	1135613	c	
chr5	70204996	c	
chr5	71205386	c	
KV575243.1	43401	c	
KV575243.1	63682	c	
KV575243.1	83163	c	
chr6	26886466	c	
chr7	65971503	c	
chr6	57927537	c	
chr5	100376798	c	
chr5	100063385	c	
KV575243.1	103450	c	
KV575243.1	122925	c	
KV575243.1	143228	c	
chr5	21494066	c	
chr6	57927536	a	
KV575243.1	103451	a	
KV575243.1	122926	a	
KV575243.1	143229	a	
chr5	21494067	a	
chr5	100376797	a	
chr6	26886465	a	
chr7	65971502	a	
chr5	100063384	a	
KV575243.1	43402	a	
KV575243.1	63683	a	
KV575243.1	83164	a	
chr5_GL339449v2_alt	1135612	a	
chr5	70204995	a	
chr5	71205385	a	
chr5	100376796	c	
KV575243.1	143230	c	
chr5	21494068	c	
chr5_GL339449v2_alt	1135611	c	
chr6	26886464	c	
chr7	65971501	c	
chr5	100063383	c	
KV575243.1	43403	c	
KV575243.1	63684	c	
KV575243.1	83165	c	
KV575243.1	103452	c	
KV575243.1	122927	c	
chr6	57927535	c	
chr5	70204994	c	
chr5	71205384	c	
chr7	65971500	c	
chr5	100376795	c	
chr6	26886463	c	
KV575243.1	43404	c	
KV575243.1	63685	c	
KV575243.1	83166	c	
KV575243.1	103453	c	
KV575243.1	122928	c	
chr6	57927534	c	
KV575243.1	143231	c	
chr5	21494069	c	
chr5_GL339449v2_alt	1135610	c	
chr5	100063382	c	
chr5	70204993	c	
chr5	71205383	c	
chr5	100376794	t	
chr6	57927533	t	
chr5	70204992	t	
chr5	71205382	t	
KV575243.1	43405	t	
KV575243.1	63686	t	
KV575243.1	83167	t	
KV575243.1	103454	t	
KV575243.1	122929	t	
KV575243.1	143232	t	
chr7	65971499	c	
chr5	100063381	t	
chr5	21494070	t	
chr5_GL339449v2_alt	1135609	t	
chr6	26886462	t	
chr5	100376793	g	
chr5	100063380	g	
KV575243.1	103455	g	
KV575243.1	122930	g	
KV575243.1	143233	g	
chr5	21494071	g	
chr5_GL339449v2_alt	1135608	g	
chr5	70204991	g	
chr5	71205381	g	
chr7	65971498	g	
chr6	57927532	g	
KV575243.1	43406	g	
KV575243.1	63687	g	
KV575243.1	83168	g	
chr6	26886461	g	
chr5	100063379	c	
chr6	57927531	c	
chr5	100376792	c	
KV575243.1	43407	c	
KV575243.1	63688	c	
KV575243.1	83169	c	
KV575243.1	103456	c	
KV575243.1	122931	c	
KV575243.1	143234	c	
chr5	70204990	c	
chr5	71205380	c	
chr7	65971497	c	
chr6	26886460	c	
chr5	21494072	c	
chr5_GL339449v2_alt	1135607	c	
chr7	65971496	c	
chr5	100063378	c	
KV575243.1	43408	c	
KV575243.1	63689	c	
KV575243.1	83170	c	
KV575243.1	103457	c	
KV575243.1	122932	c	
chr5	100376791	c	
chr5	70204989	c	
chr5	71205379	c	
chr6	57927530	c	
KV575243.1	143235	c	
chr5	21494073	c	
chr5_GL339449v2_alt	1135606	c	
chr6	26886459	c	
chr5	100376790	t	
chr5	21494074	c	
chr5_GL339449v2_alt	1135605	t	
chr6	57927529	t	
chr5	100063377	t	
KV575243.1	43409	c	
KV575243.1	63690	c	
KV575243.1	83171	c	
KV575243.1	103458	c	
KV575243.1	122933	c	
KV575243.1	143236	c	
chr6	26886458	t	
chr7	65971495	t	
chr5	70204988	t	
chr5	71205378	t	
chr5	100063376	c	
chr5	100376789	c	
chr5_GL339449v2_alt	1135604	t	
chr5	70204987	t	
chr5	71205377	t	
KV575243.1	43410	t	
KV575243.1	63691	t	
KV575243.1	83172	t	
KV575243.1	103459	t	
chr7	65971494	c	
chr6	57927528	t	
KV575243.1	122934	t	
KV575243.1	143237	t	
chr5	21494075	t	
chr6	26886457	t	
chr6	26886456	g	
chr5	100063375	g	
KV575243.1	143238	g	
chr5	21494076	g	
chr6	57927527	g	
chr5_GL339449v2_alt	1135603	g	
chr5	70204986	g	
chr5	71205376	g	
chr7	65971493	g	
chr5	100376788	g	
KV575243.1	43411	g	
KV575243.1	63692	g	
KV575243.1	83173	g	
KV575243.1	103460	g	
KV575243.1	122935	g	
chr5	100063374	g	
chr7	65971492	g	
chr6	26886455	g	
chr5	100376787	g	
chr6	57927526	g	
chr5	70204985	g	
chr5	71205375	g	
KV575243.1	43412	g	
KV575243.1	63693	g	
KV575243.1	83174	g	
KV575243.1	103461	g	
KV575243.1	122936	g	
KV575243.1	143239	g	
chr5	21494077	g	
chr5_GL339449v2_alt	1135602	g	
chr6	26886454	c	
chr6	57927525	c	
chr7	65971491	c	
KV575243.1	43413	c	
KV575243.1	63694	c	
KV575243.1	83175	c	
chr5_GL339449v2_alt	1135601	c	
chr5	70204984	c	
chr5	100376786	c	
KV575243.1	103462	c	
KV575243.1	122937	c	
KV575243.1	143240	c	
chr5	21494078	c	
chr5	100063373	c	
chr5	71205374	c	
chr7	65971490	c	
chr6	26886453	c	
chr5	100063372	c	
KV575243.1	43414	c	
KV575243.1	63695	c	
KV575243.1	83176	c	
KV575243.1	103463	c	
chr6	57927524	c	
KV575243.1	122938	c	
KV575243.1	143241	c	
chr5	21494079	c	
chr5	100376785	c	
chr5_GL339449v2_alt	1135600	c	
chr5	70204983	c	
chr5	71205373	c	
chr6	57927523	t	
KV575243.1	43415	t	
KV575243.1	63696	t	
chr7	65971489	t	
chr5	100376784	t	
KV575243.1	83177	t	
KV575243.1	103464	t	
KV575243.1	122939	t	
KV575243.1	143242	t	
chr5	21494080	t	
chr5	100063371	t	
chr6	26886452	t	
chr5_GL339449v2_alt	1135599	t	
chr5	70204982	t	
chr5	71205372	t	
chr5	100376783	c	
chr6	26886451	c	
chr5	21494081	c	
chr5_GL339449v2_alt	1135598	c	
chr7	65971488	c	
chr5	100063370	c	
chr6	57927522	c	
KV575243.1	43416	c	
KV575243.1	63697	c	
KV575243.1	83178	c	
KV575243.1	103465	c	
KV575243.1	122940	c	
KV575243.1	143243	c	
chr5	70204981	c	
chr5	71205371	c	
chr7	65971487	c	
chr5	70204980	c	
chr5	71205370	c	
chr5	100063369	g	
chr5	100376782	g	
chr5_GL339449v2_alt	1135597	c	
chr6	26886450	c	
chr6	57927521	c	
KV575243.1	43417	c	
KV575243.1	63698	c	
KV575243.1	83179	c	
KV575243.1	103466	c	
KV575243.1	122941	c	
KV575243.1	143244	c	
chr5	21494082	c	
chr6	26886449	c	
KV575243.1	43418	c	
KV575243.1	63699	c	
chr7	65971486	c	
chr5	100063368	c	
chr5	70204979	c	
chr5	71205369	c	
chr6	57927520	c	
KV575243.1	83180	c	
KV575243.1	103467	c	
KV575243.1	122942	c	
KV575243.1	143245	c	
chr5	100376781	c	
chr5	21494083	c	
chr5_GL339449v2_alt	1135596	c	
chr6	26886448	a	
chr5_GL339449v2_alt	1135595	a	
chr5	70204978	a	
chr5	100376780	a	
chr5	71205368	a	
chr5	100063367	a	
chr7	65971485	a	
chr6	57927519	a	
KV575243.1	43419	a	
KV575243.1	63700	a	
KV575243.1	83181	a	
KV575243.1	103468	a	
KV575243.1	122943	a	
KV575243.1	143246	a	
chr5	21494084	a	
chr5	100376779	a	
chr6	26886447	a	
chr5	70204977	a	
chr5	71205367	a	
KV575243.1	103469	a	
KV575243.1	122944	a	
KV575243.1	143247	a	
chr7	65971484	a	
chr5	100063366	a	
chr6	57927518	a	
chr5	21494085	a	
chr5_GL339449v2_alt	1135594	a	
KV575243.1	43420	a	
KV575243.1	63701	a	
KV575243.1	83182	a	
chr7	65971483	a	
chr6	57927517	a	
KV575243.1	43421	a	
KV575243.1	63702	a	
KV575243.1	83183	a	
KV575243.1	103470	a	
chr5	70204976	a	
chr5	71205366	a	
chr5_GL339449v2_alt	1135593	a	
chr6	26886446	a	
chr5	100063365	a	
chr5	100376778	a	
KV575243.1	122945	a	
KV575243.1	143248	a	
chr5	21494086	a	
KV575243.1	83184	g	
KV575243.1	103471	g	
KV575243.1	122946	g	
KV575243.1	143249	g	
chr5	100063364	g	
chr7	65971482	g	
chr5	21494087	g	
chr6	26886445	g	
chr6	57927516	g	
KV575243.1	43422	g	
KV575243.1	63703	g	
chr5_GL339449v2_alt	1135592	g	
chr5	70204975	g	
chr5	71205365	g	
chr5	100376777	g	
chr5	100063363	t	
chr5	71205364	t	
chr5	100376776	t	
chr6	57927515	t	
KV575243.1	43423	t	
KV575243.1	143250	t	
chr5	21494088	t	
chr7	65971481	t	
KV575243.1	63704	t	
KV575243.1	83185	t	
KV575243.1	103472	t	
KV575243.1	122947	t	
chr6	26886444	t	
chr5_GL339449v2_alt	1135591	t	
chr5	70204974	t	
KV575243.1	143251	g	
chr5	21494089	g	
chr5	100376775	g	
KV575243.1	63705	g	
KV575243.1	83186	g	
KV575243.1	103473	g	
KV575243.1	122948	g	
chr6	57927514	g	
KV575243.1	43424	g	
chr6	26886443	g	
chr5_GL339449v2_alt	1135590	g	
chr5	70204973	g	
chr5	71205363	g	
chr5	100063362	g	
chr7	65971480	g	
chr5	70204972	c	
chr5	71205362	c	
chr5	100376774	c	
chr6	57927513	c	
KV575243.1	43425	c	
KV575243.1	63706	c	
KV575243.1	83187	c	
KV575243.1	103474	c	
chr5_GL339449v2_alt	1135589	c	
chr5	100063361	c	
chr6	26886442	c	
chr7	65971479	t	
KV575243.1	122949	c	
KV575243.1	143252	c	
chr5	21494090	c	
chr5	100376773	t	
chr5	70204971	t	
chr5	71205361	t	
chr5	100063360	t	
chr6	57927512	t	
chr5_GL339449v2_alt	1135588	t	
chr6	26886441	t	
KV575243.1	103475	t	
KV575243.1	122950	t	
KV575243.1	143253	t	
chr5	21494091	t	
chr7	65971473	t	
KV575243.1	43426	t	
KV575243.1	63707	t	
KV575243.1	83188	t	
KV575243.1	43427	c	
KV575243.1	63708	c	
KV575243.1	83189	c	
chr5	100376772	c	
chr7	65971472	t	
KV575243.1	103476	c	
KV575243.1	122951	c	
KV575243.1	143254	c	
chr5	21494092	c	
chr6	57927511	c	
chr6	26886440	c	
chr5	70204970	c	
chr5	71205360	c	
chr5	100063359	c	
chr5_GL339449v2_alt	1135587	c	
