refSequence	refPosition	Homo_sapiens	Thryonomys_swinderianus
chr8	49486565	g	
chr8	49486566	a	
chr8	49486567	c	
chr8	49486568	a	
chr8	49486569	g	
chr8	49486570	c	
chr8	49486571	c	
chr8	49486572	t	
chr8	49486573	g	
chr8	49486574	g	
chr8	49486575	g	
chr8	49486576	c	
chr8	49486577	t	
chr8	49486578	t	
chr8	49486579	c	
chr8	49486580	t	
chr8	49486581	t	
chr8	49486582	a	
chr8	49486583	g	
chr8	49486584	t	
chr8	49486585	t	
chr8	49486586	t	
chr8	49486587	g	
chr8	49486588	c	
chr8	49486589	t	
chr8	49486590	t	
chr8	49486591	t	
chr8	49486592	a	
chr8	49486593	t	
chr8	49486594	t	
chr8	49486595	g	
chr8	49486596	g	
chr8	49486597	t	
chr8	49486598	a	
chr8	49486599	a	
chr8	49486600	c	
chr8	49486601	t	
chr8	49486602	c	
chr8	49486603	c	
chr8	49486604	t	
chr8	49486605	c	
chr8	49486606	t	
chr8	49486607	t	
chr8	49486608	a	
chr8	49486609	c	
chr8	49486610	a	
chr8	49486611	c	
chr8	49486612	c	
chr8	49486613	c	
chr8	49486614	t	
chr8	49486615	a	
chr8	49486616	a	
chr8	49486617	a	
chr8	49486618	g	
chr8	49486619	t	
chr8	49486620	c	
chr8	49486621	t	
chr8	49486622	c	
chr8	49486623	c	
chr8	49486624	a	
chr8	49486625	t	
chr8	49486626	t	
chr8	49486627	t	
chr8	49486628	a	
chr8	49486629	g	
chr8	49486630	a	
chr8	49486631	t	
chr8	49486632	t	
chr8	49486633	t	
chr8	49486634	c	
chr8	49486635	c	
chr8	49486636	t	
chr8	49486637	c	
chr8	49486638	t	
chr8	49486639	t	
chr8	49486640	t	
chr8	49486641	a	
chr8	49486642	c	
chr8	49486643	c	
chr8	49486644	a	
chr8	49486645	g	
chr8	49486646	g	
chr8	49486647	t	
chr8	49486648	t	
chr8	49486649	t	
chr8	49486650	t	
chr8	49486651	c	
chr8	49486652	c	
chr8	49486653	a	
chr8	49486654	a	
chr8	49486655	c	
chr8	49486656	a	
chr8	49486657	a	
chr8	49486658	t	
chr8	49486659	t	
chr8	49486660	t	
chr8	49486661	c	
chr8	49486662	a	
chr8	49486663	g	
chr8	49486664	c	
chr8	49486665	a	
chr8	49486666	a	
chr8	49486667	g	
chr8	49486668	c	
chr8	49486669	a	
chr8	49486670	a	
chr8	49486671	g	
chr8	49486672	g	
chr8	49486673	t	
chr8	49486674	c	
chr8	49486675	t	
chr8	49486676	a	
chr8	49486677	a	
chr8	49486678	a	
chr8	49486679	t	
chr8	49486680	c	
chr8	49486681	c	
chr8	49486682	t	
chr8	49486683	t	
chr8	49486684	t	
chr8	49486685	a	
chr8	49486686	t	
chr8	49486687	g	
chr8	49486688	a	
chr8	49486689	a	
chr8	49486690	a	
chr8	49486691	t	
chr8	49486692	c	
chr8	49486693	c	
chr8	49486694	a	
chr8	49486695	t	
chr8	49486696	t	
chr8	49486697	a	
chr8	49486698	t	
chr8	49486699	t	
chr8	49486700	g	
chr8	49486701	a	
chr8	49486702	a	
chr8	49486703	t	
chr8	49486704	a	
chr8	49486705	t	
chr8	49486706	c	
chr8	49486707	c	
chr8	49486708	c	
